{
  "reward": {
    "baseline": 477.2027085245727,
    "ppo": 1209.6001727449843,
    "improvement_pct": 153.4772228105864
  },
  "queue_length": {
    "baseline": 17.43600082397461,
    "ppo": 15.842222213745117,
    "improvement_pct": 9.140734887085097
  },
  "wait_time": {
    "baseline": 74.95731353759766,
    "ppo": 141.43911743164062,
    "improvement_pct": -88.69288499873534
  }
}